id,titulo,director,generos,puntuacion,anio,duracion
1,Inception,Christopher Nolan,Sci-Fi;Accion;Thriller,8.8,2010,148
2,The Dark Knight,Christopher Nolan,Accion;Drama;Crimen,9.0,2008,152
3,Pulp Fiction,Quentin Tarantino,Crimen;Drama,8.9,1994,154
4,Forrest Gump,Robert Zemeckis,Drama;Romance,8.8,1994,142
5,The Matrix,Wachowskis,Sci-Fi;Accion,8.7,1999,136
6,Goodfellas,Martin Scorsese,Crimen;Drama;Biografia,8.7,1990,146
7,Parasite,Bong Joon Ho,Thriller;Comedia;Drama,8.6,2019,132
8,Interstellar,Christopher Nolan,Sci-Fi;Drama;Aventura,8.6,2014,169